Name,Summary,Price
"Engineering Roll Bond Paper, 15,18,22,24,30, 36 X 500 Wide Format Rolls","20 lb, laser cut paper roll media is a cost-effective sulfide engineering roll bond for take a look ",                             $87.42
"Engineering Bond, 36"" X 500' Paper 20lb Rolls","Large Format Printing Media used in toner or dry-ink base Xerox®, Ricoh®, Lanier®, KIP&r",                             $94.97
20lbs 24 x 150 Wide-Format Inkjet Bond Paper Rolls USA,20lb Inkjet Bond 24 inch Paper 10.7 through 12 cents a foot with Wide-Format Saver at 150' Roll for ,                             $78.00
20lb 36 X 150 Wide-Format Inkjet Bond in Rolls,"20lb.92 Bright Ink Jet Bond For CAD plotting in black and white. During our 25+ years in business, W",                             $82.45
20lb 36 x 300 Wide-Format Inkjet Papers in Rolls,"36 inch Wide-Format Paper Rolls Inkjet for use in Hp, Canon, Encad, and Epson and all American rolli",                             $82.45
20lb 24 x 300 Wide-Format Inkjet Papers in Rolls,"Inkjet Bond Super Save for HP, Canon Wide-Format Printing Paper 20lb 24X300' Bond. T120, HP500, Cano",                             $64.45
"Engineering / Laser Bond, 20 lbs 24 X 500, 2 Rolls","Engineering Bond 20 lb, 24 x 500, 2 Rolls - Taped to Core or UnTaped20lb Engineering Bond fi",                             $70.00
13 X 19 Bond Paper / Inkjet Bond Paper,"13 by 19 Bond Paper, Inkjet Bond 20 lb 13"" x 19"" (200 sheets) Our 20 lb 13 x 19 bond wide format U",                             $70.14
20lb 30 x 300 Wide-Format Inkjet Papers in Rolls,20lb Bright Ink-Jet Wide Format Paper Rolls White Bright Inkjet Bond in large format printing with O,                             $64.95
"20 lbs Engineering Bond / Laser Bond, 30"" x 500', 2 Rolls","Engineering Bond / Laser Bond, 20 lb, 30 x 500, 2 Rolls 3 inch core Copier Papers20 LB Engineering",                             $82.80
"24lb 24 X 150, Large Format Presentation Bond 4 Rolls",24lb Heavyweight Bond Roll for 24-in Wide Inkjet Printing.  This makes great presentation paper,                             $76.25
"Engineering / Laser Bond, 20 lbs 12 X 18, 1000 sheets","Engineering Bond Laser Bond 20 lb 12 by 18  inches20lb Engineering Bond fit tight in Laser Bo",                             $83.99
